{
  "formatVersion": 1,
  "database": {
    "version": 1,
    "identityHash": "1b3d354b72d935f2e5abd702f2a56dfa",
    "entities": [
      {
        "tableName": "bookmarks",
        "createSql": "CREATE TABLE IF NOT EXISTS `${TABLE_NAME}` (`id` INTEGER PRIMARY KEY AUTOINCREMENT NOT NULL, `name` TEXT NOT NULL, `size` TEXT NOT NULL, `seeders` INTEGER NOT NULL, `peers` INTEGER NOT NULL, `providerId` TEXT NOT NULL, `providerName` TEXT NOT NULL, `uploadDate` TEXT NOT NULL, `category` TEXT NOT NULL, `descriptionPageUrl` TEXT NOT NULL, `magnetUri` TEXT NOT NULL)",
        "fields": [
          {
            "fieldPath": "id",
            "columnName": "id",
            "affinity": "INTEGER",
            "notNull": true
          },
          {
            "fieldPath": "name",
            "columnName": "name",
            "affinity": "TEXT",
            "notNull": true
          },
          {
            "fieldPath": "size",
            "columnName": "size",
            "affinity": "TEXT",
            "notNull": true
          },
          {
            "fieldPath": "seeders",
            "columnName": "seeders",
            "affinity": "INTEGER",
            "notNull": true
          },
          {
            "fieldPath": "peers",
            "columnName": "peers",
            "affinity": "INTEGER",
            "notNull": true
          },
          {
            "fieldPath": "providerId",
            "columnName": "providerId",
            "affinity": "TEXT",
            "notNull": true
          },
          {
            "fieldPath": "providerName",
            "columnName": "providerName",
            "affinity": "TEXT",
            "notNull": true
          },
          {
            "fieldPath": "uploadDate",
            "columnName": "uploadDate",
            "affinity": "TEXT",
            "notNull": true
          },
          {
            "fieldPath": "category",
            "columnName": "category",
            "affinity": "TEXT",
            "notNull": true
          },
          {
            "fieldPath": "descriptionPageUrl",
            "columnName": "descriptionPageUrl",
            "affinity": "TEXT",
            "notNull": true
          },
          {
            "fieldPath": "magnetUri",
            "columnName": "magnetUri",
            "affinity": "TEXT",
            "notNull": true
          }
        ],
        "primaryKey": {
          "autoGenerate": true,
          "columnNames": [
            "id"
          ]
        },
        "indices": [
          {
            "name": "index_bookmarks_name",
            "unique": true,
            "columnNames": [
              "name"
            ],
            "orders": [],
            "createSql": "CREATE UNIQUE INDEX IF NOT EXISTS `index_bookmarks_name` ON `${TABLE_NAME}` (`name`)"
          }
        ]
      },
      {
        "tableName": "search_history",
        "createSql": "CREATE TABLE IF NOT EXISTS `${TABLE_NAME}` (`id` INTEGER PRIMARY KEY AUTOINCREMENT NOT NULL, `query` TEXT NOT NULL)",
        "fields": [
          {
            "fieldPath": "id",
            "columnName": "id",
            "affinity": "INTEGER",
            "notNull": true
          },
          {
            "fieldPath": "query",
            "columnName": "query",
            "affinity": "TEXT",
            "notNull": true
          }
        ],
        "primaryKey": {
          "autoGenerate": true,
          "columnNames": [
            "id"
          ]
        },
        "indices": [
          {
            "name": "index_search_history_query",
            "unique": true,
            "columnNames": [
              "query"
            ],
            "orders": [],
            "createSql": "CREATE UNIQUE INDEX IF NOT EXISTS `index_search_history_query` ON `${TABLE_NAME}` (`query`)"
          }
        ]
      }
    ],
    "setupQueries": [
      "CREATE TABLE IF NOT EXISTS room_master_table (id INTEGER PRIMARY KEY,identity_hash TEXT)",
      "INSERT OR REPLACE INTO room_master_table (id,identity_hash) VALUES(42, '1b3d354b72d935f2e5abd702f2a56dfa')"
    ]
  }
}